{
    "mt-benchmark-humanities": {
        "chi": {
            "0": {
                "has_ad": 80.0,
                "local_flow": 30.944580137729645,
                "global_coherence": 55.452681481838226,
                "ad_transition_similarity": 84.54346238366118,
                "ad_content_alignment": 33.103431202471256,
                "accuracy": 69.0,
                "integrity": 60.0,
                "personality": 63.0,
                "trust": 63.0,
                "notice_products": 54.0,
                "click_products": 36.0
            },
            "__all__": {
                "has_ad": 80.0,
                "local_flow": 30.944580137729645,
                "global_coherence": 55.452681481838226,
                "ad_transition_similarity": 84.54346238366118,
                "ad_content_alignment": 33.103431202471256,
                "accuracy": 69.0,
                "integrity": 60.0,
                "personality": 63.0,
                "trust": 63.0,
                "notice_products": 54.0,
                "click_products": 36.0
            }
        },
        "gen-insert-response": {
            "0": {
                "has_ad": 100.0,
                "local_flow": 29.66667801141739,
                "global_coherence": 55.45178860425949,
                "ad_transition_similarity": 84.82299232310027,
                "ad_content_alignment": 38.58777105808258,
                "accuracy": 66.0,
                "integrity": 54.0,
                "personality": 72.0,
                "trust": 54.0,
                "notice_products": 30.0,
                "click_products": 18.0
            },
            "__all__": {
                "has_ad": 100.0,
                "local_flow": 29.66667801141739,
                "global_coherence": 55.45178860425949,
                "ad_transition_similarity": 84.82299232310027,
                "ad_content_alignment": 38.58777105808258,
                "accuracy": 66.0,
                "integrity": 54.0,
                "personality": 72.0,
                "trust": 54.0,
                "notice_products": 30.0,
                "click_products": 18.0
            }
        },
        "gen-insert-refine-response": {
            "0": {
                "has_ad": 100.0,
                "local_flow": 29.63668465614319,
                "global_coherence": 56.09775274991989,
                "ad_transition_similarity": 70.77968190708006,
                "ad_content_alignment": 40.87662860751152,
                "accuracy": 66.0,
                "integrity": 60.0,
                "personality": 78.0,
                "trust": 54.0,
                "notice_products": 66.0,
                "click_products": 36.0
            },
            "__all__": {
                "has_ad": 100.0,
                "local_flow": 29.63668465614319,
                "global_coherence": 56.09775274991989,
                "ad_transition_similarity": 70.77968190708006,
                "ad_content_alignment": 40.87662860751152,
                "accuracy": 66.0,
                "integrity": 60.0,
                "personality": 78.0,
                "trust": 54.0,
                "notice_products": 66.0,
                "click_products": 36.0
            }
        },
        "gen-insert-refine-prompt": {
            "0": {
                "has_ad": 100.0,
                "local_flow": 31.02775752544403,
                "global_coherence": 56.73828840255737,
                "ad_transition_similarity": 70.63586865408912,
                "ad_content_alignment": 41.353621035814285,
                "accuracy": 84.0,
                "integrity": 66.0,
                "personality": 78.0,
                "trust": 69.0,
                "notice_products": 57.0,
                "click_products": 42.0
            },
            "__all__": {
                "has_ad": 100.0,
                "local_flow": 31.02775752544403,
                "global_coherence": 56.73828840255737,
                "ad_transition_similarity": 70.63586865408912,
                "ad_content_alignment": 41.353621035814285,
                "accuracy": 84.0,
                "integrity": 66.0,
                "personality": 78.0,
                "trust": 69.0,
                "notice_products": 57.0,
                "click_products": 42.0
            }
        },
        "__all__": {
            "chi": 57.1858322914273,
            "gen-insert-response": 54.77538454516907,
            "gen-insert-refine-response": 59.762795265514065,
            "gen-insert-refine-prompt": 63.250503237991346
        }
    },
    "__all__": {
        "mt-benchmark-humanities": 58.74362883502545
    }
}