{
    "mt-benchmark-humanities": {
        "chi": {
            "0": {
                "has_ad": 70.0,
                "local_flow": 31.10219344496727,
                "global_coherence": 55.43045938014984,
                "ad_transition_similarity": 83.9393388386027,
                "ad_content_alignment": 31.395219159977778,
                "accuracy": 87.0,
                "integrity": 66.0,
                "personality": 69.0,
                "trust": 66.0,
                "notice_products": 48.0,
                "click_products": 33.0
            },
            "__all__": {
                "has_ad": 70.0,
                "local_flow": 31.10219344496727,
                "global_coherence": 55.43045938014984,
                "ad_transition_similarity": 83.9393388386027,
                "ad_content_alignment": 31.395219159977778,
                "accuracy": 87.0,
                "integrity": 66.0,
                "personality": 69.0,
                "trust": 66.0,
                "notice_products": 48.0,
                "click_products": 33.0
            }
        },
        "gen-insert-response": {
            "0": {
                "has_ad": 100.0,
                "local_flow": 29.785829484462738,
                "global_coherence": 55.76926738023758,
                "ad_transition_similarity": 69.59136334216213,
                "ad_content_alignment": 39.530387222766876,
                "accuracy": 84.0,
                "integrity": 51.0,
                "personality": 81.0,
                "trust": 69.0,
                "notice_products": 36.0,
                "click_products": 21.0
            },
            "__all__": {
                "has_ad": 100.0,
                "local_flow": 29.785829484462738,
                "global_coherence": 55.76926738023758,
                "ad_transition_similarity": 69.59136334216213,
                "ad_content_alignment": 39.530387222766876,
                "accuracy": 84.0,
                "integrity": 51.0,
                "personality": 81.0,
                "trust": 69.0,
                "notice_products": 36.0,
                "click_products": 21.0
            }
        },
        "gen-insert-refine-response": {
            "0": {
                "has_ad": 100.0,
                "local_flow": 30.083203481303322,
                "global_coherence": 56.774441401163735,
                "ad_transition_similarity": 59.84733689201889,
                "ad_content_alignment": 42.44716763496399,
                "accuracy": 90.0,
                "integrity": 50.0,
                "personality": 76.66666666666667,
                "trust": 63.333333333333336,
                "notice_products": 50.0,
                "click_products": 23.333333333333332
            },
            "__all__": {
                "has_ad": 100.0,
                "local_flow": 30.083203481303322,
                "global_coherence": 56.774441401163735,
                "ad_transition_similarity": 59.84733689201889,
                "ad_content_alignment": 42.44716763496399,
                "accuracy": 90.0,
                "integrity": 50.0,
                "personality": 76.66666666666667,
                "trust": 63.333333333333336,
                "notice_products": 50.0,
                "click_products": 23.333333333333332
            }
        },
        "gen-insert-refine-prompt": {
            "0": {
                "has_ad": 100.0,
                "local_flow": 31.763251423835754,
                "global_coherence": 56.693519949913025,
                "ad_transition_similarity": 71.9968570039015,
                "ad_content_alignment": 38.93511965870857,
                "accuracy": 90.0,
                "integrity": 63.0,
                "personality": 78.0,
                "trust": 72.0,
                "notice_products": 51.0,
                "click_products": 30.0
            },
            "__all__": {
                "has_ad": 100.0,
                "local_flow": 31.763251423835754,
                "global_coherence": 56.693519949913025,
                "ad_transition_similarity": 71.9968570039015,
                "ad_content_alignment": 38.93511965870857,
                "accuracy": 90.0,
                "integrity": 63.0,
                "personality": 78.0,
                "trust": 72.0,
                "notice_products": 51.0,
                "click_products": 30.0
            }
        },
        "__all__": {
            "chi": 58.260655529427055,
            "gen-insert-response": 57.879713402693575,
            "gen-insert-refine-response": 58.40777115843484,
            "gen-insert-refine-prompt": 62.126249821487164
        }
    },
    "best_product_selector": {
        "chi": {
            "0": {
                "product_selection_accuracy": 95.83333333333333
            },
            "__all__": {
                "product_selection_accuracy": 95.83333333333333
            }
        },
        "gen-insert-response": {
            "0": {
                "product_selection_accuracy": 82.5
            },
            "__all__": {
                "product_selection_accuracy": 82.5
            }
        },
        "gen-insert-refine-response": {
            "0": {
                "product_selection_accuracy": 86.66666666666667
            },
            "__all__": {
                "product_selection_accuracy": 86.66666666666667
            }
        },
        "gen-insert-refine-prompt": {
            "0": {
                "product_selection_accuracy": 86.66666666666667
            },
            "__all__": {
                "product_selection_accuracy": 86.66666666666667
            }
        },
        "__all__": {
            "chi": 95.83333333333333,
            "gen-insert-response": 82.5,
            "gen-insert-refine-response": 86.66666666666667,
            "gen-insert-refine-prompt": 86.66666666666667
        }
    },
    "__all__": {
        "mt-benchmark-humanities": 59.16859747801066,
        "best_product_selector": 87.91666666666667
    }
}